StudentID,ClubID,student_fullname
126,10,RABENARIVO KIADY MANITRIALA
22,15,RABENARIVO KIADY MANITRIALA
172,1,RABENARIVO KIADY MANITRIALA
16,1,RABENARIVO KIADY MANITRIALA
72,1,RABENARIVO KIADY MANITRIALA
69,5,RABENARIVO KIADY MANITRIALA
46,9,RABENARIVO KIADY MANITRIALA
123,10,RABENARIVO KIADY MANITRIALA
184,11,RABENARIVO KIADY MANITRIALA
87,1,RABENARIVO KIADY MANITRIALA
117,14,RABENARIVO KIADY MANITRIALA
88,4,RABENARIVO KIADY MANITRIALA
58,6,RABENARIVO KIADY MANITRIALA
189,14,RABENARIVO KIADY MANITRIALA
183,1,RABENARIVO KIADY MANITRIALA
6,8,RABENARIVO KIADY MANITRIALA
132,4,RABENARIVO KIADY MANITRIALA
101,3,RABENARIVO KIADY MANITRIALA
46,4,RABENARIVO KIADY MANITRIALA
21,7,RABENARIVO KIADY MANITRIALA
11,3,RABENARIVO KIADY MANITRIALA
82,1,RABENARIVO KIADY MANITRIALA
117,9,RABENARIVO KIADY MANITRIALA
159,9,RABENARIVO KIADY MANITRIALA
42,1,RABENARIVO KIADY MANITRIALA
109,4,RABENARIVO KIADY MANITRIALA
66,11,RABENARIVO KIADY MANITRIALA
133,8,RABENARIVO KIADY MANITRIALA
49,14,RABENARIVO KIADY MANITRIALA
11,10,RABENARIVO KIADY MANITRIALA
184,7,RABENARIVO KIADY MANITRIALA
106,7,RABENARIVO KIADY MANITRIALA
131,7,RABENARIVO KIADY MANITRIALA
70,8,RABENARIVO KIADY MANITRIALA
87,10,RABENARIVO KIADY MANITRIALA
7,2,RABENARIVO KIADY MANITRIALA
121,14,RABENARIVO KIADY MANITRIALA
188,12,RABENARIVO KIADY MANITRIALA
108,3,RABENARIVO KIADY MANITRIALA
111,3,RABENARIVO KIADY MANITRIALA
140,9,RABENARIVO KIADY MANITRIALA
200,9,RABENARIVO KIADY MANITRIALA
187,9,RABENARIVO KIADY MANITRIALA
160,3,RABENARIVO KIADY MANITRIALA
69,7,RABENARIVO KIADY MANITRIALA
192,8,RABENARIVO KIADY MANITRIALA
74,6,RABENARIVO KIADY MANITRIALA
182,8,RABENARIVO KIADY MANITRIALA
102,9,RABENARIVO KIADY MANITRIALA
97,5,RABENARIVO KIADY MANITRIALA
62,6,RABENARIVO KIADY MANITRIALA
139,9,RABENARIVO KIADY MANITRIALA
184,12,RABENARIVO KIADY MANITRIALA
136,4,RABENARIVO KIADY MANITRIALA
68,1,RABENARIVO KIADY MANITRIALA
169,2,RABENARIVO KIADY MANITRIALA
68,12,RABENARIVO KIADY MANITRIALA
100,3,RABENARIVO KIADY MANITRIALA
68,13,RABENARIVO KIADY MANITRIALA
151,5,RABENARIVO KIADY MANITRIALA
126,1,RABENARIVO KIADY MANITRIALA
41,14,RABENARIVO KIADY MANITRIALA
124,2,RABENARIVO KIADY MANITRIALA
57,3,RABENARIVO KIADY MANITRIALA
29,7,RABENARIVO KIADY MANITRIALA
15,3,RABENARIVO KIADY MANITRIALA
18,2,RABENARIVO KIADY MANITRIALA
120,9,RABENARIVO KIADY MANITRIALA
187,11,RABENARIVO KIADY MANITRIALA
120,13,RABENARIVO KIADY MANITRIALA
